env,corr01,corr02,corr12,fade_mean,fade_std,delay_mean,delay_std,delay_min,delay_max
E01,0.30702872031535783,0.21327581089608177,0.05642413083469691,26.00942760942761,39.40503751840939,50.641486645407255,4.158458388561907,25.711211330563636,55.6646301563398
