env,corr01,corr02,corr12,fade_mean,fade_std,delay_mean,delay_std,delay_min,delay_max
E02,0.028462421688801334,0.08971559578256583,0.08342638428341737,38.82962962962963,45.23637616062602,51.78553940102214,3.044487524288565,33.78866000040453,55.32069348382596
