env,corr01,corr02,corr12,fade_mean,fade_std,delay_mean,delay_std,delay_min,delay_max
E03,0.020203042742497356,0.18369287964516842,-0.11783229928560021,43.78872053872054,48.28892394539411,52.300439932789146,2.8728321350687587,32.87767804734456,55.50526252237248
